3,200380,200380,"09:34:26.412",1,3
1,200464,200464,"09:34:26.658",1,1
4,200468,200468,"09:34:28.159",1,4
1,200003,200003,"09:34:27.216",1,1
4,200345,200345,"09:34:31.302",1,4
1,200417,200417,"09:34:32.296",1,1
3,200342,200342,"09:34:35.658",1,3
1,200458,200458,"09:34:37.162",1,1
4,200478,200478,"09:34:38.601",1,4
1,200383,200383,"09:34:39.411",1,1
1,200452,200452,"09:34:40.632",1,1
2,200315,200315,"09:34:43.410",1,2
2,200141,200141,"09:34:45.105",1,2
3,200022,200022,"09:34:51.911",1,3
1,200371,200371,"09:34:51.630",1,1
4,200125,200125,"09:34:53.623",1,4
1,200359,200359,"09:34:55.850",1,1
1,200323,200323,"09:34:57.888",1,1
4,200012,200012,"09:34:58.906",1,4
1,200439,200439,"09:34:59.301",1,1
2,200062,200062,"09:35:01.324",1,2
1,200308,200308,"09:35:03.557",1,1
1,200465,200465,"09:35:07.421",1,1
3,200186,200186,"09:35:08.414",1,3
1,200051,200051,"09:35:12.911",1,1
1,200246,200246,"09:35:13.661",1,1
2,200190,200190,"09:35:18.995",1,2
2,200288,200288,"09:35:21.642",1,2
1,200232,200232,"09:35:22.855",1,1
1,200471,200471,"09:35:34.416",1,1
4,200393,200393,"09:35:45.776",1,4
1,200358,200358,"09:35:48.846",1,1
2,200190,200190,"09:37:39.676",1,2
3,200380,200380,"09:37:40.133",1,3
2,200458,200458,"09:37:40.534",1,2
2,200003,200003,"09:37:40.917",1,2
2,200345,200345,"09:37:41.158",1,2
3,200439,200439,"09:37:41.347",1,3
3,200471,200471,"09:37:41.754",1,3
2,200484,200484,"09:37:41.925",1,2
2,200464,200464,"09:37:42.365",1,2
1,200361,200361,"09:37:42.418",1,1
3,200354,200354,"09:37:42.768",1,3
3,200417,200417,"09:37:43.374",1,3
1,200500,200500,"09:37:43.581",1,1
1,200413,200413,"09:37:43.777",1,1
3,200197,200197,"09:37:44.592",1,3
1,200478,200478,"09:37:45.409",1,1
2,200468,200468,"09:37:45.813",1,2
3,200051,200051,"09:37:46.824",1,3
2,200394,200394,"09:37:48.238",1,2
3,200324,200324,"09:37:48.439",1,3
1,200012,200012,"09:37:49.421",1,1
2,200465,200465,"09:37:49.669",1,2
3,200359,200359,"09:37:50.272",1,3
1,200022,200022,"09:37:50.280",1,1
2,200315,200315,"09:37:50.670",1,2
2,200358,200358,"09:37:51.940",1,2
1,200018,200018,"09:37:51.419",1,1
4,200342,200342,"09:37:51.494",1,4
2,200356,200356,"09:37:51.695",1,2
2,200125,200125,"09:37:52.504",1,2
1,200062,200062,"09:37:52.668",1,1
2,200482,200482,"09:37:53.321",1,2
3,200232,200232,"09:37:53.930",1,3
2,200371,200371,"09:37:54.548",1,2
1,200350,200350,"09:37:54.541",1,1
2,200452,200452,"09:37:55.147",1,2
1,200383,200383,"09:37:56.668",1,1
2,200246,200246,"09:37:56.788",1,2
3,200096,200096,"09:37:57.171",1,3
1,200288,200288,"09:37:58.169",1,1
3,200308,200308,"09:37:58.621",1,3
2,200141,200141,"09:37:59.638",1,2
2,200323,200323,"09:38:01.560",1,2
2,200186,200186,"09:38:01.862",1,2
2,200439,200439,"09:58:29.900",1,2
2,200190,200190,"09:58:30.950",1,2
2,200380,200380,"09:58:30.480",1,2
2,200354,200354,"09:58:30.698",1,2
2,200458,200458,"09:59:03.163",1,2
2,200361,200361,"09:59:14.912",1,2
2,200003,200003,"09:59:24.859",1,2
1,200345,200345,"09:59:29.724",1,1
2,200464,200464,"09:59:53.726",1,2
2,200484,200484,"09:59:56.976",1,2
2,200413,200413,"10:00:20.260",1,2
1,200393,200393,"10:00:39.699",1,1
3,200500,200500,"10:01:10.229",1,3
2,200471,200471,"10:01:10.738",1,2
2,200417,200417,"10:01:10.930",1,2
2,200051,200051,"10:01:27.480",1,2
2,200468,200468,"10:01:39.121",1,2
1,200018,200018,"10:02:06.493",1,1
3,200394,200394,"10:02:26.483",1,3
2,200197,200197,"10:02:33.983",1,2
2,200012,200012,"10:02:39.342",1,2
2,200232,200232,"10:02:39.954",1,2
3,200022,200022,"10:02:40.362",1,3
1,200371,200371,"10:02:40.482",1,1
3,200358,200358,"10:02:41.386",1,3
2,200324,200324,"10:02:41.987",1,2
3,200062,200062,"10:02:45.734",1,3
3,200465,200465,"10:02:46.983",1,3
2,200342,200342,"10:02:49.993",1,2
2,200133,200133,"10:03:12.619",1,2
2,200315,200315,"10:03:15.669",1,2
2,200356,200356,"10:03:59.472",1,2
3,200478,200478,"10:04:02.238",1,3
2,200125,200125,"10:04:02.704",1,2
3,200359,200359,"10:04:27.236",1,3
2,200386,200386,"10:05:36.800",1,2
2,200246,200246,"10:05:54.340",1,2
2,200452,200452,"10:05:54.741",1,2
1,200350,200350,"10:06:25.900",1,1
2,200288,200288,"10:06:36.846",1,2
1,200096,200096,"10:07:30.999",1,1
1,200141,200141,"10:08:10.245",1,1
2,200186,200186,"10:08:10.997",1,2
2,200482,200482,"10:08:14.997",1,2
2,200323,200323,"10:09:18.246",1,2
1,200308,200308,"10:10:06.101",1,1
2,200383,200383,"10:10:15.848",1,2
2,200490,200490,"10:20:18.702",1,2
2,200396,200396,"10:20:36.270",1,2
2,200440,200440,"10:20:49.143",1,2
2,200451,200451,"10:20:54.529",1,2
2,200139,200139,"10:21:44.280",1,2
2,200384,200384,"10:22:09.510",1,2
1,200364,200364,"10:22:14.740",1,1
1,200137,200137,"10:22:18.799",1,1
2,200338,200338,"10:22:25.275",1,2
1,200406,200406,"10:22:39.676",1,1
2,200423,200423,"10:22:40.284",1,2
1,200273,200273,"10:23:07.784",1,1
2,200467,200467,"10:23:38.294",1,2
2,200470,200470,"10:23:41.360",1,2
2,200433,200433,"10:24:04.235",1,2
2,200129,200129,"10:25:24.759",1,2
1,200049,200049,"10:25:30.797",1,1
2,200401,200401,"10:26:28.643",1,2
2,200459,200459,"10:26:45.273",1,2
2,200075,200075,"10:26:46.480",1,2
3,200395,200395,"10:27:02.285",1,3
3,200120,200120,"10:27:11.794",1,3
3,200336,200336,"10:27:18.719",1,3
3,200448,200448,"10:27:19.735",1,3
1,200346,200346,"10:27:40.240",1,1
2,200339,200339,"10:27:51.777",1,2
2,200445,200445,"10:28:15.504",1,2
3,200355,200355,"10:28:29.295",1,3
3,200455,200455,"10:29:22.837",1,3
3,200131,200131,"10:30:22.259",1,3
1,200476,200476,"10:30:22.662",1,1
4,200256,200256,"10:30:39.892",1,4
2,200437,200437,"10:31:28.556",1,2
1,200326,200326,"10:31:43.997",1,1
1,200370,200370,"10:33:03.476",1,1
3,200405,200405,"10:33:54.562",1,3
2,200387,200387,"10:33:54.998",1,2
2,200466,200466,"10:34:18.118",1,2
1,200432,200432,"10:34:30.294",1,1
2,200282,200282,"10:34:30.562",1,2
2,200078,200078,"10:34:57.875",1,2
2,200446,200446,"10:37:41.147",1,2
2,200450,200450,"10:39:15.880",1,2
2,200351,200351,"10:39:23.789",1,2
2,200314,200314,"10:41:03.372",1,2
2,200380,200380,"10:41:23.328",1,2
1,200354,200354,"10:41:23.634",1,1
3,200439,200439,"10:41:47.790",1,3
2,200458,200458,"10:41:50.396",1,2
1,200379,200379,"10:42:56.830",1,1
1,200003,200003,"10:43:50.834",1,1
2,200191,200191,"10:44:20.585",1,2
2,200361,200361,"10:44:35.850",1,2
2,200340,200340,"10:44:36.942",1,2
2,200484,200484,"10:44:37.339",1,2
2,200471,200471,"10:44:37.835",1,2
1,200190,200190,"10:44:43.445",1,1
2,200413,200413,"10:44:43.866",1,2
2,200464,200464,"10:44:44.256",1,2
2,200015,200015,"10:46:38.835",1,2
2,200393,200393,"10:46:46.573",1,2
1,200417,200417,"10:47:13.521",1,1
3,200500,200500,"10:48:07.660",1,3
3,200051,200051,"10:49:29.599",1,3
3,200468,200468,"10:50:23.149",1,3
3,200022,200022,"10:51:39.836",1,3
2,200197,200197,"10:51:50.995",1,2
3,200394,200394,"10:52:07.250",1,3
2,200358,200358,"10:52:09.683",1,2
1,200371,200371,"10:52:09.856",1,1
2,200012,200012,"10:52:14.751",1,2
2,200342,200342,"10:53:52.314",1,2
2,200434,200434,"10:54:43.608",1,2
2,200403,200403,"10:54:55.111",1,2
1,200047,200047,"10:55:31.287",1,1
2,200356,200356,"10:55:33.930",1,2
3,200232,200232,"10:56:05.169",1,3
2,200324,200324,"10:57:20.625",1,2
1,200125,200125,"10:57:41.112",1,1
3,200359,200359,"10:58:14.375",1,3
2,200465,200465,"10:58:57.868",1,2
1,200281,200281,"11:00:17.874",1,1
3,200337,200337,"11:02:32.128",1,3
1,200386,200386,"11:02:32.564",1,1
3,200308,200308,"11:02:50.380",1,3
2,200246,200246,"11:03:06.636",1,2
2,200096,200096,"11:03:12.879",1,2
3,200396,200396,"11:03:44.161",1,3
2,200490,200490,"11:03:44.574",1,2
1,200440,200440,"11:03:53.294",1,1
1,200451,200451,"11:04:50.634",1,1
1,200364,200364,"11:05:46.464",1,1
2,200139,200139,"11:06:29.862",1,2
2,200384,200384,"11:06:33.637",1,2
2,200406,200406,"11:06:34.323",1,2
1,200345,200345,"11:06:34.324",1,1
1,200137,200137,"11:07:32.730",1,1
2,200423,200423,"11:08:02.751",1,2
1,200141,200141,"11:08:11.800",1,1
3,200454,200454,"11:08:28.143",1,3
2,200273,200273,"11:09:45.540",1,2
2,200467,200467,"11:09:48.491",1,2
2,200470,200470,"11:10:13.402",1,2
2,200018,200018,"11:11:15.278",1,2
1,200433,200433,"11:11:17.106",1,1
2,200323,200323,"11:12:26.646",1,2
2,200331,200331,"11:12:42.652",1,2
2,200129,200129,"11:14:00.168",1,2
1,200319,200319,"11:14:27.313",1,1
2,200383,200383,"11:14:31.777",1,2
2,200186,200186,"11:15:11.594",1,2
3,200075,200075,"11:16:02.144",1,3
1,200459,200459,"11:16:02.542",1,1
3,200401,200401,"11:16:37.416",1,3
1,200336,200336,"11:16:39.661",1,1
4,200448,200448,"11:17:31.912",1,4
4,200395,200395,"11:17:38.570",1,4
3,200339,200339,"11:19:59.920",1,3
1,200133,200133,"11:20:40.153",1,1
3,200355,200355,"11:20:48.520",1,3
3,200315,200315,"11:21:05.870",1,3
2,200478,200478,"11:23:38.160",1,2
2,200131,200131,"11:23:48.690",1,2
3,200256,200256,"11:24:33.927",1,3
2,200380,200380,"11:24:45.895",1,2
3,200062,200062,"11:24:53.182",1,3
1,200458,200458,"11:24:54.822",1,1
1,200354,200354,"11:24:59.680",1,1
4,200120,200120,"11:25:13.278",1,4
2,200437,200437,"11:25:18.344",1,2
3,200439,200439,"11:26:13.950",1,3
1,200370,200370,"11:26:31.143",1,1
1,200326,200326,"11:26:36.934",1,1
2,200405,200405,"11:27:19.186",1,2
1,200003,200003,"11:28:43.941",1,1
1,200471,200471,"11:28:44.364",1,1
3,200387,200387,"11:28:44.688",1,3
2,200484,200484,"11:28:58.353",1,2
2,200413,200413,"11:28:58.941",1,2
2,200338,200338,"11:30:12.573",1,2
2,200361,200361,"11:30:22.919",1,2
1,200464,200464,"11:30:35.730",1,1
2,200452,200452,"11:31:24.544",1,2
2,200190,200190,"11:31:41.181",1,2
2,200466,200466,"11:32:53.163",1,2
1,200417,200417,"11:33:35.155",1,1
2,200078,200078,"11:33:58.857",1,2
1,200393,200393,"11:34:01.509",1,1
2,200049,200049,"11:34:54.952",1,2
3,200500,200500,"11:35:28.930",1,3
1,200350,200350,"11:36:44.456",1,1
1,200446,200446,"11:37:16.960",1,1
2,200051,200051,"11:38:38.461",1,2
3,200022,200022,"11:40:28.858",1,3
2,200468,200468,"11:40:28.715",1,2
3,200197,200197,"11:42:02.762",1,3
2,200358,200358,"11:42:15.908",1,2
3,200288,200288,"11:42:22.191",1,3
2,200371,200371,"11:42:25.832",1,2
2,200482,200482,"11:43:30.928",1,2
4,200394,200394,"11:43:44.305",1,4
2,200314,200314,"11:45:10.684",1,2
1,200346,200346,"11:46:16.165",1,1
2,200342,200342,"11:46:19.230",1,2
1,200490,200490,"11:47:03.814",1,1
2,200396,200396,"11:47:04.211",1,2
2,200440,200440,"11:47:18.206",1,2
2,200379,200379,"11:48:41.483",1,2
2,200476,200476,"11:48:46.785",1,2
2,200455,200455,"11:49:17.834",1,2
2,200356,200356,"11:49:30.735",1,2
2,200445,200445,"11:49:32.199",1,2
1,200451,200451,"11:49:54.323",1,1
2,200232,200232,"11:50:10.238",1,2
1,200364,200364,"11:50:16.620",1,1
1,200125,200125,"11:51:04.238",1,1
2,200139,200139,"11:51:07.990",1,2
1,200012,200012,"11:51:08.833",1,1
1,200406,200406,"11:51:14.139",1,1
2,200384,200384,"11:51:19.739",1,2
2,200324,200324,"11:51:52.742",1,2
1,200465,200465,"11:51:53.364",1,1
2,200359,200359,"11:51:56.200",1,2
2,200191,200191,"11:52:58.878",1,2
2,200340,200340,"11:53:21.745",1,2
2,200137,200137,"11:53:46.747",1,2
2,200423,200423,"11:55:09.749",1,2
2,200467,200467,"11:56:55.503",1,2
2,200273,200273,"11:56:58.300",1,2
2,200308,200308,"11:57:29.232",1,2
2,200470,200470,"11:57:55.755",1,2
1,200433,200433,"11:58:49.840",1,1
1,200096,200096,"11:59:05.257",1,1
2,200432,200432,"12:00:02.100",1,2
2,200015,200015,"12:00:51.610",1,2
3,200386,200386,"12:01:47.764",1,3
2,200129,200129,"12:03:37.505",1,2
2,200246,200246,"12:04:00.519",1,2
0,0,0,"12:07:36.283",0,0
2,200448,200448,"12:07:39.425",1,2
2,200401,200401,"12:07:40.207",1,2
1,200336,200336,"12:08:08.870",1,1
1,200141,200141,"12:08:31.388",1,1
2,200380,200380,"12:08:35.845",1,2
1,200282,200282,"12:09:04.687",1,1
2,200458,200458,"12:09:10.568",1,2
1,200354,200354,"12:09:33.880",1,1
4,200395,200395,"12:09:50.946",1,4
3,200439,200439,"12:11:47.651",1,3
2,200351,200351,"12:12:00.170",1,2
2,200339,200339,"12:12:16.864",1,2
2,200434,200434,"12:13:19.464",1,2
1,200413,200413,"12:14:14.712",1,1
2,200484,200484,"12:14:15.465",1,2
3,200403,200403,"12:14:29.216",1,3
3,200471,200471,"12:14:32.714",1,3
1,200003,200003,"12:14:38.200",1,1
4,200355,200355,"12:14:46.547",1,4
2,200047,200047,"12:15:02.467",1,2
1,200345,200345,"12:16:33.647",1,1
2,200361,200361,"12:16:51.341",1,2
2,200120,200120,"12:16:58.720",1,2
2,200131,200131,"12:17:37.222",1,2
2,200450,200450,"12:17:42.957",1,2
1,200464,200464,"12:17:53.723",1,1
2,200323,200323,"12:18:00.645",1,2
1,200437,200437,"12:18:42.472",1,1
2,200190,200190,"12:18:47.337",1,2
4,200256,200256,"12:19:28.227",1,4
1,200370,200370,"12:20:32.229",1,1
2,200417,200417,"12:20:52.981",1,2
1,200326,200326,"12:21:55.483",1,1
2,200405,200405,"12:21:56.499",1,2
1,200393,200393,"12:22:17.733",1,1
2,200383,200383,"12:22:26.798",1,2
2,200281,200281,"12:23:19.946",1,2
3,200500,200500,"12:23:22.171",1,3
2,200387,200387,"12:24:35.610",1,2
2,200186,200186,"12:24:44.491",1,2
1,200018,200018,"12:25:34.398",1,1
2,200337,200337,"12:28:06.984",1,2
2,200051,200051,"12:28:45.729",1,2
1,200440,200440,"12:31:01.407",1,1
2,200396,200396,"12:31:25.757",1,2
2,200022,200022,"12:31:27.175",1,2
2,200490,200490,"12:31:31.249",1,2
2,200468,200468,"12:31:34.491",1,2
1,200371,200371,"12:32:30.538",1,1
2,200197,200197,"12:33:32.000",1,2
2,200078,200078,"12:35:19.901",1,2
2,200466,200466,"12:35:38.762",1,2
2,200451,200451,"12:35:40.515",1,2
1,200319,200319,"12:35:59.150",1,1
2,200358,200358,"12:36:04.118",1,2
1,200364,200364,"12:36:17.711",1,1
3,200394,200394,"12:37:10.234",1,3
1,200139,200139,"12:37:11.190",1,1
1,200384,200384,"12:37:18.519",1,1
2,200406,200406,"12:37:47.520",1,2
2,200342,200342,"12:39:00.654",1,2
1,200446,200446,"12:39:52.374",1,1
2,200454,200454,"12:40:20.779",1,2
1,200137,200137,"12:40:47.777",1,1
3,200315,200315,"12:41:06.270",1,3
3,200338,200338,"12:41:44.537",1,3
3,200423,200423,"12:42:38.991",1,3
2,200478,200478,"12:42:45.271",1,2
2,200012,200012,"12:43:44.128",1,2
2,200273,200273,"12:44:19.250",1,2
2,200467,200467,"12:44:19.828",1,2
1,200232,200232,"12:45:04.539",1,1
2,200356,200356,"12:45:12.289",1,2
1,200125,200125,"12:45:16.372",1,1
2,200470,200470,"12:46:19.878",1,2
3,200359,200359,"12:46:34.713",1,3
1,200465,200465,"12:46:37.291",1,1
1,200433,200433,"12:47:02.284",1,1
3,200062,200062,"12:48:10.201",1,3
2,200324,200324,"12:48:52.993",1,2
1,200049,200049,"12:49:27.823",1,1
1,200331,200331,"12:50:40.496",1,1
2,200314,200314,"12:50:41.514",1,2
2,200380,200380,"12:52:00.804",1,2
2,200458,200458,"12:53:25.250",1,2
1,200354,200354,"12:53:55.260",1,1
2,200129,200129,"12:53:55.559",1,2
3,200075,200075,"12:56:07.901",1,3
2,200096,200096,"12:56:23.315",1,2
2,200308,200308,"12:56:35.306",1,2
2,200439,200439,"12:57:47.690",1,2
2,200452,200452,"12:57:56.635",1,2
2,200448,200448,"12:58:03.680",1,2
1,200379,200379,"12:58:05.764",1,1
2,200459,200459,"12:58:55.536",1,2
2,200484,200484,"13:00:34.318",1,2
3,200401,200401,"13:00:41.212",1,3
2,200413,200413,"13:00:41.415",1,2
2,200471,200471,"13:01:48.430",1,2
2,200336,200336,"13:02:22.310",1,2
1,200003,200003,"13:03:14.457",1,1
2,200191,200191,"13:03:36.545",1,2
2,200361,200361,"13:03:45.582",1,2
4,200395,200395,"13:03:47.917",1,4
3,200339,200339,"13:04:50.388",1,3
3,200340,200340,"13:04:53.300",1,3
3,200288,200288,"13:04:59.309",1,3
2,200386,200386,"13:05:21.834",1,2
1,200464,200464,"13:05:40.587",1,1
2,200190,200190,"13:06:37.758",1,2
2,200346,200346,"13:07:04.941",1,2
2,200246,200246,"13:07:06.340",1,2
2,200417,200417,"13:08:00.342",1,2
2,200455,200455,"13:08:22.930",1,2
2,200120,200120,"13:09:22.530",1,2
2,200476,200476,"13:09:34.227",1,2
1,200350,200350,"13:09:39.915",1,1
1,200393,200393,"13:10:07.895",1,1
3,200355,200355,"13:11:39.800",1,3
2,200141,200141,"13:12:06.392",1,2
3,200500,200500,"13:12:51.813",1,3
3,200445,200445,"13:12:56.304",1,3
2,200131,200131,"13:13:04.603",1,2
3,200015,200015,"13:13:45.989",1,3
1,200440,200440,"13:14:43.983",1,1
3,200256,200256,"13:15:02.608",1,3
1,200437,200437,"13:15:39.169",1,1
2,200490,200490,"13:16:14.264",1,2
2,200396,200396,"13:16:14.667",1,2
2,200370,200370,"13:16:46.339",1,2
2,200051,200051,"13:19:12.367",1,2
1,200326,200326,"13:20:05.120",1,1
2,200405,200405,"13:21:27.129",1,2
2,200451,200451,"13:21:30.371",1,2
3,200022,200022,"13:21:52.469",1,3
2,200387,200387,"13:22:06.124",1,2
2,200371,200371,"13:23:36.955",1,2
2,200323,200323,"13:23:44.874",1,2
2,200482,200482,"13:23:57.376",1,2
1,200384,200384,"13:24:10.862",1,1
1,200364,200364,"13:24:13.694",1,1
3,200406,200406,"13:24:35.591",1,3
3,200468,200468,"13:25:54.499",1,3
2,200197,200197,"13:26:36.633",1,2
2,200139,200139,"13:26:59.245",1,2
3,200432,200432,"13:27:49.885",1,3
2,200345,200345,"13:27:51.802",1,2
1,200137,200137,"13:27:58.980",1,1
3,200394,200394,"13:31:36.382",1,3
2,200467,200467,"13:31:40.644",1,2
3,200423,200423,"13:31:43.499",1,3
2,200342,200342,"13:31:43.894",1,2
2,200358,200358,"13:31:47.359",1,2
1,200282,200282,"13:31:51.402",1,1
2,200273,200273,"13:32:12.645",1,2
2,200383,200383,"13:33:26.398",1,2
3,200403,200403,"13:34:26.294",1,3
2,200470,200470,"13:34:32.390",1,2
2,200434,200434,"13:34:33.649",1,2
2,200047,200047,"13:34:59.154",1,2
2,200186,200186,"13:35:25.536",1,2
2,200380,200380,"13:35:47.878",1,2
1,200433,200433,"13:37:09.385",1,1
2,200078,200078,"13:38:30.490",1,2
2,200012,200012,"13:38:37.909",1,2
2,200458,200458,"13:38:39.801",1,2
1,200018,200018,"13:38:58.159",1,1
1,200354,200354,"13:39:07.384",1,1
1,200232,200232,"13:40:45.538",1,1
1,200125,200125,"13:41:22.256",1,1
4,200466,200466,"13:41:43.113",1,4
2,200465,200465,"13:43:36.328",1,2
2,200356,200356,"13:43:41.169",1,2
4,200439,200439,"13:43:57.426",1,4
3,200359,200359,"13:43:59.654",1,3
2,200281,200281,"13:44:01.279",1,2
1,200129,200129,"13:44:58.277",1,1
2,200351,200351,"13:45:08.220",1,2
3,200075,200075,"13:46:28.533",1,3
2,200324,200324,"13:47:11.323",1,2
2,200413,200413,"13:47:43.984",1,2
2,200484,200484,"13:47:45.179",1,2
1,200446,200446,"13:47:58.367",1,1
2,200448,200448,"13:49:30.433",1,2
1,200471,200471,"13:50:47.310",1,1
1,200361,200361,"13:50:48.127",1,1
1,200459,200459,"13:52:06.687",1,1
1,200003,200003,"13:53:41.126",1,1
1,200190,200190,"13:54:06.620",1,1
2,200401,200401,"13:54:34.316",1,2
1,200464,200464,"13:54:53.573",1,1
3,200096,200096,"13:55:12.648",1,3
1,200450,200450,"13:55:13.510",1,1
2,200338,200338,"13:55:21.376",1,2
2,200417,200417,"13:55:56.893",1,2
2,200337,200337,"13:57:05.930",1,2
2,200336,200336,"13:57:44.868",1,2
2,200395,200395,"13:57:50.353",1,2
2,200339,200339,"13:58:13.675",1,2
2,200440,200440,"13:58:26.667",1,2
1,200393,200393,"13:58:48.820",1,1
1,200319,200319,"13:58:51.707",1,1
1,200133,200133,"14:00:50.205",1,1
2,200314,200314,"14:01:02.207",1,2
2,200315,200315,"14:01:04.932",1,2
2,200490,200490,"14:01:40.208",1,2
2,200396,200396,"14:01:40.654",1,2
2,200478,200478,"14:02:30.590",1,2
2,200049,200049,"14:03:07.713",1,2
3,200500,200500,"14:04:49.338",1,3
3,200120,200120,"14:05:19.966",1,3
1,200451,200451,"14:07:52.897",1,1
3,200062,200062,"14:08:58.217",1,3
3,200355,200355,"14:08:59.722",1,3
2,200051,200051,"14:09:10.180",1,2
2,200131,200131,"14:10:21.726",1,2
2,200246,200246,"14:11:13.229",1,2
1,200406,200406,"14:11:25.228",1,1
1,200384,200384,"14:11:26.600",1,1
4,200256,200256,"14:11:35.980",1,4
3,200022,200022,"14:12:20.640",1,3
1,200364,200364,"14:13:34.129",1,1
2,200370,200370,"14:13:40.218",1,2
2,200454,200454,"14:13:59.894",1,2
2,200437,200437,"14:14:15.907",1,2
2,200191,200191,"14:14:52.399",1,2
1,200371,200371,"14:15:15.237",1,1
1,200137,200137,"14:15:41.683",1,1
3,200386,200386,"14:16:12.490",1,3
3,200379,200379,"14:16:27.109",1,3
2,200139,200139,"14:17:39.201",1,2
2,200340,200340,"14:18:24.742",1,2
1,200326,200326,"14:19:01.894",1,1
3,200468,200468,"14:19:02.714",1,3
1,200273,200273,"14:19:20.745",1,1
2,200197,200197,"14:19:26.246",1,2
2,200380,200380,"14:19:36.746",1,2
2,200467,200467,"14:19:55.842",1,2
2,200141,200141,"14:20:23.636",1,2
2,200387,200387,"14:20:45.497",1,2
2,200423,200423,"14:21:28.000",1,2
3,200470,200470,"14:23:24.252",1,3
3,200458,200458,"14:24:09.593",1,3
1,200354,200354,"14:24:47.256",1,1
1,200342,200342,"14:25:20.788",1,1
3,200394,200394,"14:26:35.420",1,3
1,200452,200452,"14:26:53.670",1,1
1,200346,200346,"14:27:22.732",1,1
3,200015,200015,"14:27:45.120",1,3
2,200288,200288,"14:28:14.130",1,2
2,200455,200455,"14:28:30.674",1,2
1,200358,200358,"14:28:59.709",1,1
1,200331,200331,"14:29:23.221",1,1
2,200433,200433,"14:30:06.517",1,2
2,200476,200476,"14:30:44.145",1,2
4,200439,200439,"14:31:03.206",1,4
2,200445,200445,"14:33:52.961",1,2
2,200413,200413,"14:34:08.155",1,2
2,200484,200484,"14:34:22.270",1,2
2,200323,200323,"14:34:47.898",1,2
2,200129,200129,"14:36:36.531",1,2
2,200075,200075,"14:36:38.813",1,2
1,200232,200232,"14:37:55.768",1,1
2,200361,200361,"14:38:36.166",1,2
2,200012,200012,"14:38:57.289",1,2
1,200125,200125,"14:40:14.168",1,1
1,200471,200471,"14:40:19.270",1,1
1,200465,200465,"14:41:10.122",1,1
1,200190,200190,"14:41:11.541",1,1
3,200356,200356,"14:41:49.430",1,3
3,200345,200345,"14:41:55.760",1,3
2,200448,200448,"14:41:56.778",1,2
2,200440,200440,"14:42:19.293",1,2
2,200078,200078,"14:43:28.855",1,2
2,200417,200417,"14:43:33.450",1,2
3,200359,200359,"14:43:49.741",1,3
1,200003,200003,"14:44:06.548",1,1
1,200350,200350,"14:44:25.436",1,1
1,200464,200464,"14:45:01.500",1,1
1,200459,200459,"14:45:16.800",1,1
2,200324,200324,"14:46:58.304",1,2
2,200396,200396,"14:47:20.288",1,2
1,200490,200490,"14:47:20.680",1,1
1,200393,200393,"14:48:04.301",1,1
2,200401,200401,"14:48:47.487",1,2
2,200186,200186,"14:49:20.967",1,2
1,200466,200466,"14:51:18.657",1,1
2,200383,200383,"14:51:54.359",1,2
1,200395,200395,"14:52:48.713",1,1
2,200339,200339,"14:52:53.568",1,2
2,200096,200096,"14:54:21.397",1,2
1,200403,200403,"14:54:27.720",1,1
1,200018,200018,"14:54:38.240",1,1
1,200451,200451,"14:54:53.820",1,1
2,200446,200446,"14:55:11.700",1,2
2,200282,200282,"14:55:19.603",1,2
2,200434,200434,"14:55:23.822",1,2
2,200047,200047,"14:55:31.573",1,2
2,200432,200432,"14:56:47.520",1,2
1,200406,200406,"14:57:27.576",1,1
1,200336,200336,"14:57:52.614",1,1
3,200500,200500,"14:58:05.202",1,3
1,200384,200384,"14:59:21.581",1,1
2,200051,200051,"15:02:07.341",1,2
1,200364,200364,"15:02:41.130",1,1
2,200022,200022,"15:02:43.449",1,2
1,200137,200137,"15:02:47.293",1,1
2,200450,200450,"15:03:21.818",1,2
2,200380,200380,"15:03:46.839",1,2
3,200281,200281,"15:05:40.102",1,3
4,200120,200120,"15:06:53.812",1,4
1,200273,200273,"15:06:55.228",1,1
3,200355,200355,"15:07:27.708",1,3
2,200467,200467,"15:07:34.602",1,2
2,200139,200139,"15:07:51.644",1,2
2,200371,200371,"15:08:08.683",1,2
3,200338,200338,"15:08:50.620",1,3
2,200131,200131,"15:09:39.105",1,2
2,200458,200458,"15:09:50.503",1,2
1,200354,200354,"15:10:12.607",1,1
3,200256,200256,"15:10:22.552",1,3
1,200370,200370,"15:11:43.470",1,1
3,200423,200423,"15:11:57.700",1,3
2,200314,200314,"15:12:13.291",1,2
2,200197,200197,"15:12:42.694",1,2
2,200470,200470,"15:13:11.296",1,2
1,200437,200437,"15:15:54.777",1,1
2,200468,200468,"15:16:02.113",1,2
2,200246,200246,"15:17:05.373",1,2
3,200439,200439,"15:18:30.357",1,3
1,200049,200049,"15:18:56.375",1,1
2,200387,200387,"15:19:31.998",1,2
1,200326,200326,"15:19:44.875",1,1
2,200351,200351,"15:20:14.865",1,2
2,200413,200413,"15:20:39.378",1,2
3,200394,200394,"15:21:00.130",1,3
1,200319,200319,"15:21:28.743",1,1
2,200315,200315,"15:21:30.157",1,2
2,200478,200478,"15:21:34.170",1,2
1,200133,200133,"15:22:05.540",1,1
2,200386,200386,"15:22:05.638",1,2
1,200342,200342,"15:22:42.789",1,1
1,200433,200433,"15:23:06.538",1,1
2,200484,200484,"15:23:42.878",1,2
1,200361,200361,"15:26:01.260",1,1
1,200440,200440,"15:26:21.751",1,1
2,200337,200337,"15:27:19.374",1,2
3,200075,200075,"15:27:29.315",1,3
2,200358,200358,"15:27:41.895",1,2
1,200141,200141,"15:28:17.598",1,1
1,200190,200190,"15:28:41.131",1,1
3,200471,200471,"15:29:32.400",1,3
2,200129,200129,"15:30:15.600",1,2
3,200062,200062,"15:31:10.630",1,3
2,200417,200417,"15:31:27.176",1,2
2,200340,200340,"15:31:56.654",1,2
1,200490,200490,"15:32:40.907",1,1
2,200396,200396,"15:32:42.156",1,2
2,200448,200448,"15:35:07.661",1,2
2,200356,200356,"15:35:30.205",1,2
1,200464,200464,"15:35:43.170",1,1
1,200379,200379,"15:36:18.516",1,1
2,200482,200482,"15:37:10.651",1,2
1,200393,200393,"15:37:40.916",1,1
1,200459,200459,"15:38:47.170",1,1
1,200232,200232,"15:38:49.847",1,1
1,200465,200465,"15:39:06.291",1,1
1,200125,200125,"15:40:21.423",1,1
2,200012,200012,"15:41:48.927",1,2
1,200451,200451,"15:43:16.585",1,1
2,200015,200015,"15:43:41.926",1,2
2,200406,200406,"15:44:18.434",1,2
2,200401,200401,"15:44:51.544",1,2
2,200359,200359,"15:45:19.340",1,2
2,200346,200346,"15:46:39.138",1,2
2,200323,200323,"15:47:05.916",1,2
2,200324,200324,"15:47:22.942",1,2
2,200455,200455,"15:47:35.327",1,2
1,200395,200395,"15:47:53.384",1,1
2,200380,200380,"15:48:09.622",1,2
1,200384,200384,"15:48:30.443",1,1
2,200454,200454,"15:49:22.619",1,2
3,200500,200500,"15:49:54.916",1,3
2,200078,200078,"15:49:54.917",1,2
1,200137,200137,"15:50:50.281",1,1
1,200364,200364,"15:51:36.950",1,1
1,200476,200476,"15:51:48.957",1,1
2,200339,200339,"15:52:28.625",1,2
2,200096,200096,"15:53:05.705",1,2
2,200288,200288,"15:53:48.923",1,2
2,200022,200022,"15:53:57.237",1,2
1,200336,200336,"15:54:27.251",1,1
1,200273,200273,"15:54:44.924",1,1
1,200458,200458,"15:55:25.209",1,1
2,200467,200467,"15:55:33.390",1,2
2,200051,200051,"15:55:44.189",1,2
2,200345,200345,"15:55:59.964",1,2
2,200139,200139,"15:56:19.434",1,2
1,200354,200354,"15:57:28.713",1,1
2,200452,200452,"15:59:10.397",1,2
2,200355,200355,"16:01:33.968",1,2
1,200371,200371,"16:01:50.603",1,1
3,200423,200423,"16:02:30.145",1,3
3,200446,200446,"16:02:54.483",1,3
2,200383,200383,"16:07:18.322",1,2
3,200445,200445,"16:12:53.499",1,3
